"","V1","nn_names"
"M3.14","1","NN_3_14"
"M4.14","2","NN_4_14"
"M5.14","3","NN_5_14"
"M6.14","4","NN_6_14"
"M7.14","5","NN_7_14"
"M8.14","6","NN_8_14"
"M9.14","7","NN_9_14"
"M10.14","8","NN_10_14"
"M11.14","9","NN_11_14"
"M12.14","10","NN_12_14"
"M1.15","11","NN_1_15"
"M3.15","12","NN_3_15"
"M4.15","13","NN_4_15"
"M5.15","14","NN_5_15"
"M6.15","15","NN_6_15"
"M7.15","16","NN_7_15"
"M8.15","17","NN_8_15"
"M9.15","18","NN_9_15"
"M10.15","19","NN_10_15"
"M11.15","20","NN_11_15"
"M12.15","21","NN_12_15"
"M3.16","22","NN_3_16"
"M4.16","23","NN_4_16"
"M5.16","24","NN_5_16"
"M6.16","25","NN_6_16"
"M7.16","26","NN_7_16"
"M8.16","27","NN_8_16"
"M9.16","28","NN_9_16"
"M10.16","29","NN_10_16"
"M11.16","30","NN_11_16"
"M12.16","31","NN_12_16"
"M2.17","32","NN_2_17"
"M3.17","33","NN_3_17"
"M4.17","34","NN_4_17"
"M5.17","35","NN_5_17"
"M6.17","36","NN_6_17"
"M7.17","37","NN_7_17"
"M8.17","38","NN_8_17"
"M9.17","39","NN_9_17"
"M10.17","40","NN_10_17"
"M11.17","41","NN_11_17"
"M12.17","42","NN_12_17"
"M1.18","43","NN_1_18"
"M2.18","44","NN_2_18"
"M3.18","45","NN_3_18"
"M4.18","46","NN_4_18"
"M5.18","47","NN_5_18"
"M6.18","48","NN_6_18"
"M7.18","49","NN_7_18"
"M8.18","50","NN_8_18"
"M9.18","51","NN_9_18"
"M10.18","52","NN_10_18"
"M11.18","53","NN_11_18"
"M12.18","54","NN_12_18"
